[
  {
    "img": "/dark/assets/imgs/works/3/0.jpg",
    "title": "Branding",
    "subTitle": "Artboard Studio",
    "link": "/dark/project1"
  },
  {
    "img": "/dark/assets/imgs/works/3/1.jpg",
    "title": "Branding",
    "subTitle": "Artboard Studio",
    "link": "/dark/project2"
  },
  {
    "img": "/dark/assets/imgs/works/3/2.jpg",
    "title": "Branding",
    "subTitle": "Artboard Studio",
    "link": "/dark/project3"
  },
  {
    "img": "/dark/assets/imgs/works/3/3.jpg",
    "title": "Branding",
    "subTitle": "Artboard Studio",
    "link": "/dark/project4"
  },
  {
    "img": "/dark/assets/imgs/works/3/4.jpg",
    "title": "Branding",
    "subTitle": "Artboard Studio",
    "link": "/dark/project5"
  }
]
