[
  {
    "img": "/dark/assets/imgs/works/full/1.jpg",
    "link": "/dark/project1",
    "title": "Avocado Cutter",
    "subTitle": "Digital Design"
  },
  {
    "img": "/dark/assets/imgs/works/full/2.jpg",
    "link": "/dark/project2",
    "title": "The joy of music",
    "subTitle": "Branding"
  },
  {
    "img": "/dark/assets/imgs/works/full/3.jpg",
    "link": "/dark/project3",
    "title": "Bank Rebranding",
    "subTitle": "Branding"
  },
  {
    "img": "/dark/assets/imgs/works/full/5.jpg",
    "link": "/dark/project5",
    "title": "Carved Wood",
    "subTitle": "Product Design"
  },
  {
    "img": "/dark/assets/imgs/works/full/6.jpg",
    "link": "/dark/project4",
    "title": "Blom Air purifier",
    "subTitle": "Digital Art"
  }
]
