[
  {
    "img": "/dark/assets/imgs/works/stand/1.jpg",
    "title": "Aevoe",
    "subTitle": "Digital",
    "link": "/dark/project1"
  },
  {
    "img": "/dark/assets/imgs/works/stand/2.jpg",
    "title": "Digital Design",
    "subTitle": "Branding Digital",
    "link": "/dark/project2"
  },
  {
    "img": "/dark/assets/imgs/works/stand/3.jpg",
    "title": "Aevoe",
    "subTitle": "Branding marketing",
    "link": "/dark/project3"
  },
  {
    "img": "/dark/assets/imgs/works/stand/4.jpg",
    "title": "Aevoe",
    "subTitle": "Branding design",
    "link": "/dark/project4"
  },
  {
    "img": "/dark/assets/imgs/works/stand/5.jpg",
    "title": "Aevoe",
    "subTitle": "art marketing",
    "link": "/dark/project5"
  },
  {
    "img": "/dark/assets/imgs/works/stand/6.jpg",
    "title": "Digital Design",
    "subTitle": "art",
    "link": "/dark/project6"
  },
  {
    "img": "/dark/assets/imgs/works/stand/7.jpg",
    "title": "Aevoe",
    "subTitle": "marketing",
    "link": "/dark/project1"
  },
  {
    "img": "/dark/assets/imgs/works/stand/8.jpg",
    "title": "Aevoe",
    "subTitle": "Branding design",
    "link": "/dark/project2"
  },
  {
    "img": "/dark/assets/imgs/works/stand/9.jpg",
    "title": "Aevoe",
    "subTitle": "marketing",
    "link": "/dark/project4"
  }
]
