[
  {
    "title": "Digital Product Design",
    "img": "/assets/imgs/serv-icons/3.png",
    "desc": "Live workshop where we define the main problems and challenges before building a strategic plan moving forward.",
    "link": "/page-services-details"
  },
  {
    "title": "Web Developments",
    "img": "/assets/imgs/serv-icons/4.png",
    "desc": "Live workshop where we define the main problems and challenges before building a strategic plan moving forward.",
    "link": "/page-services-details"
  },
  {
    "title": "Branding Design",
    "img": "/assets/imgs/serv-icons/5.png",
    "desc": "Live workshop where we define the main problems and challenges before building a strategic plan moving forward.",
    "link": "/page-services-details"
  },
  {
    "title": "UI-UX Design",
    "img": "/assets/imgs/serv-icons/5.png",
    "desc": "Live workshop where we define the main problems and challenges before building a strategic plan moving forward.",
    "link": "/page-services-details"
  }
]
