[
  {
    "img": "/assets/imgs/team/t1.png",
    "name": "Robert De Niro",
    "subName": "Web Developer"
  },
  {
    "img": "/assets/imgs/team/t2.png",
    "name": "Brendan Fraser",
    "subName": "UI/UX Designer"
  },
  {
    "img": "/assets/imgs/team/t3.png",
    "name": "Ahmed Khaled",
    "subName": "Web Designer"
  },
  {
    "img": "/assets/imgs/team/t4.png",
    "name": "Ahmed Khaled",
    "subName": "SEO Marckting"
  },
  {
    "img": "/assets/imgs/team/t2.png",
    "name": "Brendan Fraser",
    "subName": "UI/UX Designer"
  },
  {
    "img": "/assets/imgs/team/t3.png",
    "name": "Ahmed Khaled",
    "subName": "Web Designer"
  }
]
