[
  {
    "img": "/assets/imgs/testim/t1.jpg",
    "name": "Ahmed",
    "subName": "Founder & CEO",
    "desc": "I have been hiring people in this space for a number of years and I have never seen this level of professionalism. It really feels like you are working  with a team that can get the job done"
  },
  {
    "img": "/assets/imgs/testim/t2.jpg",
    "name": "Adam Beckley",
    "subName": "Founder & CEO",
    "desc": "I have been hiring people in this space for a number of years and I have never seen this level of professionalism. It really feels like you are working  with a team that can get the job done"
  },
  {
    "img": "/assets/imgs/testim/t3.jpg",
    "name": "Adam Beckley",
    "subName": "Founder & CEO",
    "desc": "I have been hiring people in this space for a number of years and I have never seen this level of professionalism. It really feels like you are working  with a team that can get the job done"
  },
  {
    "img": "/assets/imgs/testim/t4.jpg",
    "name": "Adam Beckley",
    "subName": "Founder & CEO",
    "desc": "I have been hiring people in this space for a number of years and I have never seen this level of professionalism. It really feels like you are working  with a team that can get the job done"
  }
]
